{"cameraMode":{"drawMode":0,"name":"Shaded","section":"Shading Mode"},"sceneLighting":true,"audioPlay":false,"sceneViewState":{"m_AlwaysRefresh":false,"showFog":true,"showSkybox":false,"showFlares":true,"showImageEffects":true,"showParticleSystems":true,"showVisualEffectGraphs":true,"m_FxEnabled":true},"in2DMode":false,"pivot":{"x":-0.3403434157371521,"y":1.2787904739379883,"z":4.012520790100098},"rotation":{"x":-0.19402571022510529,"y":0.021184807643294336,"z":-0.004189976491034031,"w":-0.9807636141777039},"size":0.3660725951194763,"orthographic":false}