{"cameraMode":{"drawMode":0,"name":"Shaded","section":"Shading Mode"},"sceneLighting":true,"audioPlay":false,"sceneViewState":{"m_AlwaysRefresh":false,"showFog":true,"showSkybox":true,"showFlares":true,"showImageEffects":true,"showParticleSystems":true,"showVisualEffectGraphs":true,"m_FxEnabled":true},"in2DMode":false,"pivot":{"x":505.42449951171877,"y":288.5753173828125,"z":-85.72637176513672},"rotation":{"x":-0.026996202766895295,"y":-0.0074965194799005989,"z":-0.00019973954476881772,"w":0.9996165037155151},"size":362.20068359375,"orthographic":true}